report_date,security_type,ranking_type,rank,issuer,cusip,ticker,business_summary,new_manager_count,new_entry_total_value_usd,reduced_manager_count,reduced_total_value_usd,holder_manager_count,total_holding_value_usd
2025-06-30,stock,top_new_manager_count,1,SHOPIFY INC (SHOP),82509L107,SHOP,公开股票/权益证券，主营业务需结合公司最新披露进一步核实。,1062,73494719725,1,5623676,1069,73850802765
2025-06-30,stock,top_new_manager_count,2,CAPITAL ONE FINL CORP (COF),14040H105,COF,公开股票/权益证券，主营业务需结合公司最新披露进一步核实。,573,6091021618,155,1465143463,1642,106159507768
2025-06-30,stock,top_new_manager_count,3,ORACLE CORP (ORCL),68389X105,ORCL,数据库、企业软件和云基础设施公司，正在扩张 AI 云和 GPU 算力基础设施。,533,9380507334,298,3218530981,3085,234453629135
2025-06-30,stock,top_new_manager_count,4,GE VERNOVA INC (GEV),36828A101,GEV,公开股票/权益证券，主营业务需结合公司最新披露进一步核实。,527,3008771350,223,3327189434,1996,102991846259
2025-06-30,stock,top_new_manager_count,5,BARRICK MNG CORP - COM SHS (GOLD),06849F108,GOLD,公开股票/权益证券，主营业务需结合公司最新披露进一步核实。,490,15632859046,0,0,490,15632859046
2025-06-30,stock,top_new_manager_count,6,FIDELITY NATIONAL FINANCIAL - COM SHS (FNF),31620R303,FNF,公开股票/权益证券，主营业务需结合公司最新披露进一步核实。,488,10160909641,0,0,488,10160909641
2025-06-30,stock,top_new_manager_count,7,BROADCOM INC (AVGO),11135F101,AVGO,半导体和基础设施软件公司，重点包括网络芯片、交换芯片、定制 ASIC 和连接方案。,483,27419608535,376,12006329614,3492,881005236329
2025-06-30,stock,top_new_manager_count,8,PALANTIR TECHNOLOGIES INC (PLTR),69608A108,PLTR,公开股票/权益证券，主营业务需结合公司最新披露进一步核实。,468,4903401702,199,1711747639,2050,144628647380
2025-06-30,stock,top_new_manager_count,9,NETFLIX INC (NFLX),64110L106,NFLX,公开股票/权益证券，主营业务需结合公司最新披露进一步核实。,451,10915531042,305,3628672329,3000,407163292443
2025-06-30,stock,top_new_manager_count,10,RALLIANT CORP (RAL),750940108,RAL,公开股票/权益证券，主营业务需结合公司最新披露进一步核实。,410,4527213419,0,0,410,4527213419
2025-06-30,stock,top_new_manager_count,11,ADVANCED MICRO DEVICES INC (AMD),007903107,AMD,CPU、GPU 和数据中心加速器公司，提供 EPYC CPU、Instinct GPU 等 AI 算力产品。,406,5538123888,367,4143284462,2158,128505239434
2025-06-30,stock,top_new_manager_count,12,ROCKET LAB CORP (RKLB),773121108,RKLB,公开股票/权益证券，主营业务需结合公司最新披露进一步核实。,405,7765138772,0,0,405,7765138772
2025-06-30,stock,top_new_manager_count,13,NVIDIA CORPORATION (NVDA),67066G104,NVDA,GPU、AI 加速器、网络和数据中心计算平台公司。,395,70746949353,438,18300704969,4584,2245939730677
2025-06-30,stock,top_new_manager_count,14,UBER TECHNOLOGIES INC (UBER),90353T100,UBER,公开股票/权益证券，主营业务需结合公司最新披露进一步核实。,373,5076870095,333,4207943128,2024,147519211467
2025-06-30,stock,top_new_manager_count,15,META PLATFORMS INC (META),30303M102,META,公开股票/权益证券，主营业务需结合公司最新披露进一步核实。,356,31286029566,461,11655836127,3800,1044397104493
2025-06-30,stock,top_new_manager_count,16,TESLA INC (TSLA),88160R101,TSLA,电动车、能源、自动驾驶和机器人公司。,353,13963540872,498,6281172333,3224,438225641679
2025-06-30,stock,top_new_manager_count,17,DISNEY WALT CO (DIS),254687106,DIS,全球媒体、影视、主题公园和流媒体公司。,337,5071323408,480,2793717123,2706,141077081895
2025-06-30,stock,top_new_manager_count,18,BOEING CO (BA),097023105,BA,公开股票/权益证券，主营业务需结合公司最新披露进一步核实。,334,1063259528,316,2475315490,1969,103023833269
2025-06-30,stock,top_new_manager_count,19,TAIWAN SEMICONDUCTOR MFG LTD - SPONSORED ADS (TSM),874039100,TSM,全球领先晶圆代工厂，制造先进制程芯片。,326,2778893735,293,5928904210,2005,142062295600
2025-06-30,stock,top_new_manager_count,20,GE AEROSPACE (GE),369604301,GE,公开股票/权益证券，主营业务需结合公司最新披露进一步核实。,322,4288981433,268,3554920780,2111,190389707181
2025-06-30,stock,top_new_manager_count,21,APPLIED MATLS INC (AMAT),038222105,AMAT,公开股票/权益证券，主营业务需结合公司最新披露进一步核实。,316,4679075042,341,5621541487,1951,98865455943
2025-06-30,stock,top_new_manager_count,22,AMAZON COM INC (AMZN),023135106,AMZN,公开股票/权益证券，主营业务需结合公司最新披露进一步核实。,314,38446391633,634,16668641129,4830,1311097646109
2025-06-30,stock,top_new_manager_count,23,COINBASE GLOBAL INC - COM CL A (COIN),19260Q107,COIN,公开股票/权益证券，主营业务需结合公司最新披露进一步核实。,313,3137803170,168,1639585755,949,41171109365
2025-06-30,stock,top_new_manager_count,24,INTERNATIONAL BUSINESS MACHS (IBM),459200101,IBM,公开股票/权益证券，主营业务需结合公司最新披露进一步核实。,312,3229735621,388,2090946776,2891,152920755320
2025-06-30,stock,top_new_manager_count,25,INTUIT (INTU),461202103,INTU,公开股票/权益证券，主营业务需结合公司最新披露进一步核实。,305,6369696809,225,4422325708,1860,158268134334
2025-06-30,stock,top_new_manager_count,26,CROWDSTRIKE HLDGS INC (CRWD),22788C105,CRWD,公开股票/权益证券，主营业务需结合公司最新披露进一步核实。,301,2504072856,216,871687051,1566,76553623664
2025-06-30,stock,top_new_manager_count,27,CONSTELLATION ENERGY CORP (CEG),21037T109,CEG,公开股票/权益证券，主营业务需结合公司最新披露进一步核实。,298,2185717333,215,1505682059,1449,76127295662
2025-06-30,stock,top_new_manager_count,28,CATERPILLAR INC (CAT),149123101,CAT,公开股票/权益证券，主营业务需结合公司最新披露进一步核实。,296,3552750542,372,2714603624,2570,117512370843
2025-06-30,stock,top_new_manager_count,29,ALPHABET INC - CAP STK CL A (GOOGL),02079K305,GOOGL,搜索、广告、YouTube、Android 和 Google Cloud 平台公司。,294,27606921051,635,13764628104,3842,662137948225
2025-06-30,stock,top_new_manager_count,30,MICROSOFT CORP (MSFT),594918104,MSFT,企业软件、Azure 云、Office、Windows、GitHub 和 AI 平台公司。,293,69328404270,453,34544236890,5066,2321582102114
2025-06-30,stock,top_new_manager_count,31,UNITEDHEALTH GROUP INC (UNH),91324P102,UNH,美国管理式医疗、医保服务和医疗数据/药房福利平台公司。,289,10573487349,2771,168797051349,2689,210982271591
2025-06-30,stock,top_new_manager_count,32,MICRON TECHNOLOGY INC (MU),595112103,MU,存储芯片公司，产品包括 DRAM、NAND 和高带宽内存相关解决方案。,288,3455151639,327,2304477624,1571,97693938138
2025-06-30,stock,top_new_manager_count,33,WALMART INC (WMT),931142103,WMT,公开股票/权益证券，主营业务需结合公司最新披露进一步核实。,287,8170966570,585,4161881599,3395,245266012314
2025-06-30,stock,top_new_manager_count,34,JPMORGAN CHASE & CO. (JPM),46625H100,JPM,公开股票/权益证券，主营业务需结合公司最新披露进一步核实。,283,15057601678,455,7249272912,4078,522938624616
2025-06-30,stock,top_new_manager_count,35,PHILIP MORRIS INTL INC (PM),718172109,PM,公开股票/权益证券，主营业务需结合公司最新披露进一步核实。,281,1073206306,441,3572815432,2408,206458868500
2025-06-30,stock,top_new_manager_count,36,BANK AMERICA CORP (BAC),060505104,BAC,公开股票/权益证券，主营业务需结合公司最新披露进一步核实。,279,6861746885,512,5658179020,2836,230026135059
2025-06-30,stock,top_new_manager_count,37,SERVICENOW INC (NOW),81762P102,NOW,公开股票/权益证券，主营业务需结合公司最新披露进一步核实。,278,4540213346,316,2914875699,1938,159287972219
2025-06-30,stock,top_new_manager_count,38,AMPHENOL CORP NEW (APH),032095101,APH,公开股票/权益证券，主营业务需结合公司最新披露进一步核实。,278,4510837314,156,866099913,1215,92477685078
2025-06-30,stock,top_new_manager_count,39,ALPHABET INC - CAP STK CL C (GOOGL),02079K107,GOOGL,搜索、广告、YouTube、Android 和 Google Cloud 平台公司。,274,9003309569,523,8388152608,3447,464066452476
2025-06-30,stock,top_new_manager_count,40,GOLDMAN SACHS GROUP INC (GS),38141G104,GS,公开股票/权益证券，主营业务需结合公司最新披露进一步核实。,273,3845148647,324,2314436199,2205,138959740611
2025-06-30,stock,top_new_manager_count,41,ROBINHOOD MKTS INC - COM CL A (HOOD),770700102,HOOD,公开股票/权益证券，主营业务需结合公司最新披露进一步核实。,272,2333187200,140,1277181460,814,40403507875
2025-06-30,stock,top_new_manager_count,42,EATON CORP PLC,G29183103,,公开股票/权益证券，主营业务需结合公司最新披露进一步核实。,270,2618453619,252,1773230932,1759,94121624870
2025-06-30,stock,top_new_manager_count,43,VISTRA CORP (VST),92840M102,VST,公开股票/权益证券，主营业务需结合公司最新披露进一步核实。,262,1974861938,214,994633621,1085,51083125448
2025-06-30,stock,top_new_manager_count,44,VERTIV HOLDINGS CO - COM CL A (VRT),92537N108,VRT,公开股票/权益证券，主营业务需结合公司最新披露进一步核实。,262,1545551883,179,1612219158,998,32557596841
2025-06-30,stock,top_new_manager_count,45,PALO ALTO NETWORKS INC (PANW),697435105,PANW,公开股票/权益证券，主营业务需结合公司最新披露进一步核实。,254,1993008793,319,2285826635,1997,93855926720
2025-06-30,stock,top_new_manager_count,46,COREWEAVE INC - COM CL A (CRWV),21873S108,CRWV,GPU 云和专用 AI 云基础设施公司，向 AI 实验室和企业出租高性能 GPU 算力。,254,1149620928,42,280927340,309,33402455483
2025-06-30,stock,top_new_manager_count,47,VISA INC - COM CL A (V),92826C839,V,公开股票/权益证券，主营业务需结合公司最新披露进一步核实。,251,10797876210,1166,13172089823,3320,437387054857
2025-06-30,stock,top_new_manager_count,48,AMERICAN EXPRESS CO (AXP),025816109,AXP,公开股票/权益证券，主营业务需结合公司最新披露进一步核实。,251,2601321826,332,1780316490,2301,170564155738
2025-06-30,stock,top_new_manager_count,49,APPLE INC (AAPL),037833100,AAPL,消费电子、操作系统、服务和芯片生态公司，核心产品包括 iPhone、Mac、iPad、可穿戴设备和服务。,249,49376609336,4118,173345946030,4860,1708486087846
2025-06-30,stock,top_new_manager_count,50,COSTCO WHSL CORP NEW (COST),22160K105,COST,公开股票/权益证券，主营业务需结合公司最新披露进一步核实。,248,7694023281,749,6247328367,3437,273469177937
2025-06-30,stock,top_new_manager_count,51,ARISTA NETWORKS INC - COM SHS (ANET),040413205,ANET,公开股票/权益证券，主营业务需结合公司最新披露进一步核实。,248,3739632467,268,3961850074,1252,73986923903
2025-06-30,stock,top_new_manager_count,52,SALESFORCE INC (CRM),79466L302,CRM,公开股票/权益证券，主营业务需结合公司最新披露进一步核实。,245,5284561037,950,15655679513,2514,184453738804
2025-06-30,stock,top_new_manager_count,53,WELLS FARGO CO NEW (WFC),949746101,WFC,公开股票/权益证券，主营业务需结合公司最新披露进一步核实。,242,4761646122,396,4560636655,2217,174325115149
2025-06-30,stock,top_new_manager_count,54,BERKSHIRE HATHAWAY INC DEL (BRK.B),084670702,BRK.B,多元化控股公司，业务覆盖保险、铁路、能源、制造和股票投资。,241,7874349220,2932,39086193018,3550,359486435920
2025-06-30,stock,top_new_manager_count,55,CISCO SYS INC (CSCO),17275R102,CSCO,公开股票/权益证券，主营业务需结合公司最新披露进一步核实。,241,5447091865,476,7901763474,2904,188776192963
2025-06-30,stock,top_new_manager_count,56,HOME DEPOT INC (HD),437076102,HD,公开股票/权益证券，主营业务需结合公司最新披露进一步核实。,240,6717043873,1516,9169485019,3417,234826746859
2025-06-30,stock,top_new_manager_count,57,LAM RESEARCH CORP (LRCX),512807306,LRCX,公开股票/权益证券，主营业务需结合公司最新披露进一步核实。,240,3564077962,251,2058670019,1389,83252109960
2025-06-30,stock,top_new_manager_count,58,ELI LILLY & CO (LLY),532457108,LLY,公开股票/权益证券，主营业务需结合公司最新披露进一步核实。,239,12649834801,2503,82073897381,3346,481473881437
2025-06-30,stock,top_new_manager_count,59,TEXAS INSTRS INC (TXN),882508104,TXN,公开股票/权益证券，主营业务需结合公司最新披露进一步核实。,238,3897772749,417,2717761769,2034,141661009360
2025-06-30,stock,top_new_manager_count,60,MORGAN STANLEY (MS),617446448,MS,公开股票/权益证券，主营业务需结合公司最新披露进一步核实。,236,3239314437,261,1509319094,1609,111675897658
2025-06-30,stock,top_new_manager_count,61,RTX CORPORATION (RTX),75513E101,RTX,公开股票/权益证券，主营业务需结合公司最新披露进一步核实。,236,3160532971,466,3126618443,2520,145823002522
2025-06-30,stock,top_new_manager_count,62,BLACKROCK INC (BLK),09290D101,BLK,公开股票/权益证券，主营业务需结合公司最新披露进一步核实。,235,3992398259,347,2556617683,1817,114540748479
2025-06-30,stock,top_new_manager_count,63,SPOTIFY TECHNOLOGY S A,L8681T102,,公开股票/权益证券，主营业务需结合公司最新披露进一步核实。,231,2880820963,208,2116523805,1020,87277185614
2025-06-30,stock,top_new_manager_count,64,SCHWAB CHARLES CORP (SCHW),808513105,SCHW,公开股票/权益证券，主营业务需结合公司最新披露进一步核实。,229,2836812367,322,5371265965,1814,115615107761
2025-06-30,stock,top_new_manager_count,65,MARVELL TECHNOLOGY INC (MRVL),573874104,MRVL,公开股票/权益证券，主营业务需结合公司最新披露进一步核实。,229,1701419205,275,3288782629,1109,47590138726
2025-06-30,stock,top_new_manager_count,66,HOWMET AEROSPACE INC (HWM),443201108,HWM,公开股票/权益证券，主营业务需结合公司最新披露进一步核实。,228,2093216775,144,565172339,1022,59695040930
2025-06-30,stock,top_new_manager_count,67,MASTERCARD INCORPORATED (MA),57636Q104,MA,公开股票/权益证券，主营业务需结合公司最新披露进一步核实。,227,10869604452,746,9156724488,2692,330905659043
2025-06-30,stock,top_new_manager_count,68,SNOWFLAKE INC (SNOW),833445109,SNOW,云数据仓库和数据平台公司，帮助企业管理、共享和分析数据。,226,2455670424,198,908084847,988,43196845213
2025-06-30,stock,top_new_manager_count,69,APPLOVIN CORP - COM CL A (APP),03831W108,APP,公开股票/权益证券，主营业务需结合公司最新披露进一步核实。,225,2249380921,217,1894740262,927,59250693518
2025-06-30,stock,top_new_manager_count,70,ADOBE INC (ADBE),00724F101,ADBE,公开股票/权益证券，主营业务需结合公司最新披露进一步核实。,224,3672700094,1096,8090055010,2275,120883277543
2025-06-30,stock,top_new_manager_count,71,HONEYWELL INTL INC,438516106,,公开股票/权益证券，主营业务需结合公司最新披露进一步核实。,221,683850327,448,2786564855,2276,102261451093
2025-06-30,stock,top_new_manager_count,72,PEPSICO INC (PEP),713448108,PEP,公开股票/权益证券，主营业务需结合公司最新披露进一步核实。,219,3548284073,2448,19539796760,2800,120599836216
2025-06-30,stock,top_new_manager_count,73,AT&T INC (T),00206R102,T,公开股票/权益证券，主营业务需结合公司最新披露进一步核实。,216,3061143001,843,11989719758,2436,122022839446
2025-06-30,stock,top_new_manager_count,74,DEERE & CO (DE),244199105,DE,公开股票/权益证券，主营业务需结合公司最新披露进一步核实。,216,2303012724,373,2961019577,2050,85172765236
2025-06-30,stock,top_new_manager_count,75,AXON ENTERPRISE INC (AXON),05464C101,AXON,公开股票/权益证券，主营业务需结合公司最新披露进一步核实。,213,1376469949,147,541702843,995,47740624420
2025-06-30,stock,top_new_manager_count,76,ABBVIE INC (ABBV),00287Y109,ABBV,公开股票/权益证券，主营业务需结合公司最新披露进一步核实。,212,6107869738,2782,33747228379,3225,210147600450
2025-06-30,stock,top_new_manager_count,77,MERCADOLIBRE INC (MELI),58733R102,MELI,公开股票/权益证券，主营业务需结合公司最新披露进一步核实。,210,1895722278,193,1966423619,1289,88240806420
2025-06-30,stock,top_new_manager_count,78,JOHNSON & JOHNSON (JNJ),478160104,JNJ,公开股票/权益证券，主营业务需结合公司最新披露进一步核实。,209,6753149290,2988,23034246288,3484,237752226393
2025-06-30,stock,top_new_manager_count,79,MICROSTRATEGY INC (MSTR),594972408,MSTR,公开股票/权益证券，主营业务需结合公司最新披露进一步核实。,209,4952397890,134,2696088644,920,48359133550
2025-06-30,stock,top_new_manager_count,80,NRG ENERGY INC (NRG),629377508,NRG,公开股票/权益证券，主营业务需结合公司最新披露进一步核实。,209,857949103,125,640028624,765,24851782331
2025-06-30,stock,top_new_manager_count,81,MCDONALDS CORP (MCD),580135101,MCD,公开股票/权益证券，主营业务需结合公司最新披露进一步核实。,208,4728110940,2440,15318164415,2901,129723028281
2025-06-30,stock,top_new_manager_count,82,MERCK & CO INC (MRK),58933Y105,MRK,公开股票/权益证券，主营业务需结合公司最新披露进一步核实。,208,4519545850,2444,26635481312,2807,139078339262
2025-06-30,stock,top_new_manager_count,83,EMERSON ELEC CO (EMR),291011104,EMR,公开股票/权益证券，主营业务需结合公司最新披露进一步核实。,208,1751216673,288,1292951336,1769,55118918393
2025-06-30,stock,top_new_manager_count,84,DOORDASH INC (DASH),25809K105,DASH,公开股票/权益证券，主营业务需结合公司最新披露进一步核实。,207,10237845161,147,3346517571,792,70178320248
2025-06-30,stock,top_new_manager_count,85,INTUITIVE SURGICAL INC (ISRG),46120E602,ISRG,公开股票/权益证券，主营业务需结合公司最新披露进一步核实。,207,3625113864,331,3058198180,1694,129734061855
2025-06-30,stock,top_new_manager_count,86,NEWMONT CORP (NEM),651639106,NEM,公开股票/权益证券，主营业务需结合公司最新披露进一步核实。,206,1595380495,231,1061677967,1117,41691948763
2025-06-30,stock,top_new_manager_count,87,BLACKROCK ETF TRUST - ISHARES A I INNO (BAI),09290C780,BAI,公开股票/权益证券，主营业务需结合公司最新披露进一步核实。,206,1323053052,3,8565447,223,1558053515
2025-06-30,stock,top_new_manager_count,88,PROGRESSIVE CORP (PGR),743315103,PGR,公开股票/权益证券，主营业务需结合公司最新披露进一步核实。,205,3514527274,1141,13575582200,1617,119662307284
2025-06-30,stock,top_new_manager_count,89,KLA CORP (KLAC),482480100,KLAC,公开股票/权益证券，主营业务需结合公司最新披露进一步核实。,205,2821407539,208,2453138635,1232,88029435120
2025-06-30,stock,top_new_manager_count,90,BOOKING HOLDINGS INC (BKNG),09857L108,BKNG,公开股票/权益证券，主营业务需结合公司最新披露进一步核实。,204,4476789475,256,4112553979,1662,146095576115
2025-06-30,stock,top_new_manager_count,91,TRANE TECHNOLOGIES PLC,G8994E103,,公开股票/权益证券，主营业务需结合公司最新披露进一步核实。,204,2641704630,181,875632430,1255,69173259411
2025-06-30,stock,top_new_manager_count,92,SEAGATE TECHNOLOGY HLDNGS PL,G7997R103,,公开股票/权益证券，主营业务需结合公司最新披露进一步核实。,204,1683822913,120,962454770,710,23808823290
2025-06-30,stock,top_new_manager_count,93,PROCTER AND GAMBLE CO (PG),742718109,PG,公开股票/权益证券，主营业务需结合公司最新披露进一步核实。,203,6537601915,2871,22890967966,3380,227120751106
2025-06-30,stock,top_new_manager_count,94,COCA COLA CO (KO),191216100,KO,公开股票/权益证券，主营业务需结合公司最新披露进一步核实。,202,4628581249,1950,8321664300,2848,202931974971
2025-06-30,stock,top_new_manager_count,95,EXXON MOBIL CORP (XOM),30231G102,XOM,公开股票/权益证券，主营业务需结合公司最新披露进一步核实。,201,7257072224,3077,31147843892,3616,268906062077
2025-06-30,stock,top_new_manager_count,96,CADENCE DESIGN SYSTEM INC (CDNS),127387108,CDNS,公开股票/权益证券，主营业务需结合公司最新披露进一步核实。,201,2622467126,207,2214323779,1108,63288269140
2025-06-30,stock,top_new_manager_count,97,ASML HOLDING N V - N Y REGISTRY SHS (ASML),N07059210,ASML,先进光刻设备供应商，EUV/DUV 设备是先进制程扩产的关键瓶颈。,201,1519467154,260,2815765758,1275,38273036845
2025-06-30,stock,top_new_manager_count,98,ABBOTT LABS (ABT),002824100,ABT,公开股票/权益证券，主营业务需结合公司最新披露进一步核实。,199,4023059468,752,6069408389,2677,165309506725
2025-06-30,stock,top_new_manager_count,99,QUALCOMM INC (QCOM),747525103,QCOM,公开股票/权益证券，主营业务需结合公司最新披露进一步核实。,199,3564270170,785,4820203176,2343,113885883589
2025-06-30,stock,top_new_manager_count,100,ZSCALER INC (ZS),98980G102,ZS,公开股票/权益证券，主营业务需结合公司最新披露进一步核实。,199,399118578,120,1314509815,758,23199244360
2025-06-30,stock,top_total_holding_value,1,MICROSOFT CORP (MSFT),594918104,MSFT,企业软件、Azure 云、Office、Windows、GitHub 和 AI 平台公司。,293,69328404270,453,34544236890,5066,2321582102114
2025-06-30,stock,top_total_holding_value,2,NVIDIA CORPORATION (NVDA),67066G104,NVDA,GPU、AI 加速器、网络和数据中心计算平台公司。,395,70746949353,438,18300704969,4584,2245939730677
2025-06-30,stock,top_total_holding_value,3,APPLE INC (AAPL),037833100,AAPL,消费电子、操作系统、服务和芯片生态公司，核心产品包括 iPhone、Mac、iPad、可穿戴设备和服务。,249,49376609336,4118,173345946030,4860,1708486087846
2025-06-30,stock,top_total_holding_value,4,AMAZON COM INC (AMZN),023135106,AMZN,公开股票/权益证券，主营业务需结合公司最新披露进一步核实。,314,38446391633,634,16668641129,4830,1311097646109
2025-06-30,stock,top_total_holding_value,5,META PLATFORMS INC (META),30303M102,META,公开股票/权益证券，主营业务需结合公司最新披露进一步核实。,356,31286029566,461,11655836127,3800,1044397104493
2025-06-30,stock,top_total_holding_value,6,BROADCOM INC (AVGO),11135F101,AVGO,半导体和基础设施软件公司，重点包括网络芯片、交换芯片、定制 ASIC 和连接方案。,483,27419608535,376,12006329614,3492,881005236329
2025-06-30,stock,top_total_holding_value,7,ALPHABET INC - CAP STK CL A (GOOGL),02079K305,GOOGL,搜索、广告、YouTube、Android 和 Google Cloud 平台公司。,294,27606921051,635,13764628104,3842,662137948225
2025-06-30,stock,top_total_holding_value,8,JPMORGAN CHASE & CO. (JPM),46625H100,JPM,公开股票/权益证券，主营业务需结合公司最新披露进一步核实。,283,15057601678,455,7249272912,4078,522938624616
2025-06-30,stock,top_total_holding_value,9,ELI LILLY & CO (LLY),532457108,LLY,公开股票/权益证券，主营业务需结合公司最新披露进一步核实。,239,12649834801,2503,82073897381,3346,481473881437
2025-06-30,stock,top_total_holding_value,10,ALPHABET INC - CAP STK CL C (GOOGL),02079K107,GOOGL,搜索、广告、YouTube、Android 和 Google Cloud 平台公司。,274,9003309569,523,8388152608,3447,464066452476
2025-06-30,stock,top_total_holding_value,11,TESLA INC (TSLA),88160R101,TSLA,电动车、能源、自动驾驶和机器人公司。,353,13963540872,498,6281172333,3224,438225641679
2025-06-30,stock,top_total_holding_value,12,VISA INC - COM CL A (V),92826C839,V,公开股票/权益证券，主营业务需结合公司最新披露进一步核实。,251,10797876210,1166,13172089823,3320,437387054857
2025-06-30,stock,top_total_holding_value,13,NETFLIX INC (NFLX),64110L106,NFLX,公开股票/权益证券，主营业务需结合公司最新披露进一步核实。,451,10915531042,305,3628672329,3000,407163292443
2025-06-30,stock,top_total_holding_value,14,BERKSHIRE HATHAWAY INC DEL (BRK.B),084670702,BRK.B,多元化控股公司，业务覆盖保险、铁路、能源、制造和股票投资。,241,7874349220,2932,39086193018,3550,359486435920
2025-06-30,stock,top_total_holding_value,15,MASTERCARD INCORPORATED (MA),57636Q104,MA,公开股票/权益证券，主营业务需结合公司最新披露进一步核实。,227,10869604452,746,9156724488,2692,330905659043
2025-06-30,stock,top_total_holding_value,16,COSTCO WHSL CORP NEW (COST),22160K105,COST,公开股票/权益证券，主营业务需结合公司最新披露进一步核实。,248,7694023281,749,6247328367,3437,273469177937
2025-06-30,stock,top_total_holding_value,17,EXXON MOBIL CORP (XOM),30231G102,XOM,公开股票/权益证券，主营业务需结合公司最新披露进一步核实。,201,7257072224,3077,31147843892,3616,268906062077
2025-06-30,stock,top_total_holding_value,18,WALMART INC (WMT),931142103,WMT,公开股票/权益证券，主营业务需结合公司最新披露进一步核实。,287,8170966570,585,4161881599,3395,245266012314
2025-06-30,stock,top_total_holding_value,19,JOHNSON & JOHNSON (JNJ),478160104,JNJ,公开股票/权益证券，主营业务需结合公司最新披露进一步核实。,209,6753149290,2988,23034246288,3484,237752226393
2025-06-30,stock,top_total_holding_value,20,HOME DEPOT INC (HD),437076102,HD,公开股票/权益证券，主营业务需结合公司最新披露进一步核实。,240,6717043873,1516,9169485019,3417,234826746859
2025-06-30,stock,top_total_holding_value,21,ORACLE CORP (ORCL),68389X105,ORCL,数据库、企业软件和云基础设施公司，正在扩张 AI 云和 GPU 算力基础设施。,533,9380507334,298,3218530981,3085,234453629135
2025-06-30,stock,top_total_holding_value,22,BANK AMERICA CORP (BAC),060505104,BAC,公开股票/权益证券，主营业务需结合公司最新披露进一步核实。,279,6861746885,512,5658179020,2836,230026135059
2025-06-30,stock,top_total_holding_value,23,PROCTER AND GAMBLE CO (PG),742718109,PG,公开股票/权益证券，主营业务需结合公司最新披露进一步核实。,203,6537601915,2871,22890967966,3380,227120751106
2025-06-30,stock,top_total_holding_value,24,UNITEDHEALTH GROUP INC (UNH),91324P102,UNH,美国管理式医疗、医保服务和医疗数据/药房福利平台公司。,289,10573487349,2771,168797051349,2689,210982271591
2025-06-30,stock,top_total_holding_value,25,ABBVIE INC (ABBV),00287Y109,ABBV,公开股票/权益证券，主营业务需结合公司最新披露进一步核实。,212,6107869738,2782,33747228379,3225,210147600450
2025-06-30,stock,top_total_holding_value,26,PHILIP MORRIS INTL INC (PM),718172109,PM,公开股票/权益证券，主营业务需结合公司最新披露进一步核实。,281,1073206306,441,3572815432,2408,206458868500
2025-06-30,stock,top_total_holding_value,27,COCA COLA CO (KO),191216100,KO,公开股票/权益证券，主营业务需结合公司最新披露进一步核实。,202,4628581249,1950,8321664300,2848,202931974971
2025-06-30,stock,top_total_holding_value,28,GE AEROSPACE (GE),369604301,GE,公开股票/权益证券，主营业务需结合公司最新披露进一步核实。,322,4288981433,268,3554920780,2111,190389707181
2025-06-30,stock,top_total_holding_value,29,CISCO SYS INC (CSCO),17275R102,CSCO,公开股票/权益证券，主营业务需结合公司最新披露进一步核实。,241,5447091865,476,7901763474,2904,188776192963
2025-06-30,stock,top_total_holding_value,30,SALESFORCE INC (CRM),79466L302,CRM,公开股票/权益证券，主营业务需结合公司最新披露进一步核实。,245,5284561037,950,15655679513,2514,184453738804
2025-06-30,stock,top_total_holding_value,31,WELLS FARGO CO NEW (WFC),949746101,WFC,公开股票/权益证券，主营业务需结合公司最新披露进一步核实。,242,4761646122,396,4560636655,2217,174325115149
2025-06-30,stock,top_total_holding_value,32,CHEVRON CORP NEW (CVX),166764100,CVX,公开股票/权益证券，主营业务需结合公司最新披露进一步核实。,191,3602449161,2861,34034014176,3159,172749065984
2025-06-30,stock,top_total_holding_value,33,AMERICAN EXPRESS CO (AXP),025816109,AXP,公开股票/权益证券，主营业务需结合公司最新披露进一步核实。,251,2601321826,332,1780316490,2301,170564155738
2025-06-30,stock,top_total_holding_value,34,ABBOTT LABS (ABT),002824100,ABT,公开股票/权益证券，主营业务需结合公司最新披露进一步核实。,199,4023059468,752,6069408389,2677,165309506725
2025-06-30,stock,top_total_holding_value,35,SERVICENOW INC (NOW),81762P102,NOW,公开股票/权益证券，主营业务需结合公司最新披露进一步核实。,278,4540213346,316,2914875699,1938,159287972219
2025-06-30,stock,top_total_holding_value,36,INTUIT (INTU),461202103,INTU,公开股票/权益证券，主营业务需结合公司最新披露进一步核实。,305,6369696809,225,4422325708,1860,158268134334
2025-06-30,stock,top_total_holding_value,37,INTERNATIONAL BUSINESS MACHS (IBM),459200101,IBM,公开股票/权益证券，主营业务需结合公司最新披露进一步核实。,312,3229735621,388,2090946776,2891,152920755320
2025-06-30,stock,top_total_holding_value,38,LINDE PLC,G54950103,,公开股票/权益证券，主营业务需结合公司最新披露进一步核实。,155,4282522702,543,5369748621,1545,151186680848
2025-06-30,stock,top_total_holding_value,39,UBER TECHNOLOGIES INC (UBER),90353T100,UBER,公开股票/权益证券，主营业务需结合公司最新披露进一步核实。,373,5076870095,333,4207943128,2024,147519211467
2025-06-30,stock,top_total_holding_value,40,BOOKING HOLDINGS INC (BKNG),09857L108,BKNG,公开股票/权益证券，主营业务需结合公司最新披露进一步核实。,204,4476789475,256,4112553979,1662,146095576115
2025-06-30,stock,top_total_holding_value,41,RTX CORPORATION (RTX),75513E101,RTX,公开股票/权益证券，主营业务需结合公司最新披露进一步核实。,236,3160532971,466,3126618443,2520,145823002522
2025-06-30,stock,top_total_holding_value,42,PALANTIR TECHNOLOGIES INC (PLTR),69608A108,PLTR,公开股票/权益证券，主营业务需结合公司最新披露进一步核实。,468,4903401702,199,1711747639,2050,144628647380
2025-06-30,stock,top_total_holding_value,43,TAIWAN SEMICONDUCTOR MFG LTD - SPONSORED ADS (TSM),874039100,TSM,全球领先晶圆代工厂，制造先进制程芯片。,326,2778893735,293,5928904210,2005,142062295600
2025-06-30,stock,top_total_holding_value,44,TEXAS INSTRS INC (TXN),882508104,TXN,公开股票/权益证券，主营业务需结合公司最新披露进一步核实。,238,3897772749,417,2717761769,2034,141661009360
2025-06-30,stock,top_total_holding_value,45,DISNEY WALT CO (DIS),254687106,DIS,全球媒体、影视、主题公园和流媒体公司。,337,5071323408,480,2793717123,2706,141077081895
2025-06-30,stock,top_total_holding_value,46,MERCK & CO INC (MRK),58933Y105,MRK,公开股票/权益证券，主营业务需结合公司最新披露进一步核实。,208,4519545850,2444,26635481312,2807,139078339262
2025-06-30,stock,top_total_holding_value,47,GOLDMAN SACHS GROUP INC (GS),38141G104,GS,公开股票/权益证券，主营业务需结合公司最新披露进一步核实。,273,3845148647,324,2314436199,2205,138959740611
2025-06-30,stock,top_total_holding_value,48,INTUITIVE SURGICAL INC (ISRG),46120E602,ISRG,公开股票/权益证券，主营业务需结合公司最新披露进一步核实。,207,3625113864,331,3058198180,1694,129734061855
2025-06-30,stock,top_total_holding_value,49,MCDONALDS CORP (MCD),580135101,MCD,公开股票/权益证券，主营业务需结合公司最新披露进一步核实。,208,4728110940,2440,15318164415,2901,129723028281
2025-06-30,stock,top_total_holding_value,50,ADVANCED MICRO DEVICES INC (AMD),007903107,AMD,CPU、GPU 和数据中心加速器公司，提供 EPYC CPU、Instinct GPU 等 AI 算力产品。,406,5538123888,367,4143284462,2158,128505239434
2025-06-30,stock,top_total_holding_value,51,BOSTON SCIENTIFIC CORP (BSX),101137107,BSX,公开股票/权益证券，主营业务需结合公司最新披露进一步核实。,154,4058599791,364,4694288853,1422,127751404774
2025-06-30,stock,top_total_holding_value,52,S&P GLOBAL INC (SPGI),78409V104,SPGI,公开股票/权益证券，主营业务需结合公司最新披露进一步核实。,147,3835868173,517,4009878327,1753,126354773253
2025-06-30,stock,top_total_holding_value,53,ACCENTURE PLC IRELAND - SHS CLASS A,G1151C101,,公开股票/权益证券，主营业务需结合公司最新披露进一步核实。,156,6432450094,1285,8729358665,1727,122554856442
2025-06-30,stock,top_total_holding_value,54,AT&T INC (T),00206R102,T,公开股票/权益证券，主营业务需结合公司最新披露进一步核实。,216,3061143001,843,11989719758,2436,122022839446
2025-06-30,stock,top_total_holding_value,55,ADOBE INC (ADBE),00724F101,ADBE,公开股票/权益证券，主营业务需结合公司最新披露进一步核实。,224,3672700094,1096,8090055010,2275,120883277543
2025-06-30,stock,top_total_holding_value,56,PEPSICO INC (PEP),713448108,PEP,公开股票/权益证券，主营业务需结合公司最新披露进一步核实。,219,3548284073,2448,19539796760,2800,120599836216
2025-06-30,stock,top_total_holding_value,57,PROGRESSIVE CORP (PGR),743315103,PGR,公开股票/权益证券，主营业务需结合公司最新披露进一步核实。,205,3514527274,1141,13575582200,1617,119662307284
2025-06-30,stock,top_total_holding_value,58,THERMO FISHER SCIENTIFIC INC (TMO),883556102,TMO,公开股票/权益证券，主营业务需结合公司最新披露进一步核实。,196,4441897108,1837,31706924690,2050,117702940669
2025-06-30,stock,top_total_holding_value,59,CATERPILLAR INC (CAT),149123101,CAT,公开股票/权益证券，主营业务需结合公司最新披露进一步核实。,296,3552750542,372,2714603624,2570,117512370843
2025-06-30,stock,top_total_holding_value,60,SCHWAB CHARLES CORP (SCHW),808513105,SCHW,公开股票/权益证券，主营业务需结合公司最新披露进一步核实。,229,2836812367,322,5371265965,1814,115615107761
2025-06-30,stock,top_total_holding_value,61,BLACKROCK INC (BLK),09290D101,BLK,公开股票/权益证券，主营业务需结合公司最新披露进一步核实。,235,3992398259,347,2556617683,1817,114540748479
2025-06-30,stock,top_total_holding_value,62,QUALCOMM INC (QCOM),747525103,QCOM,公开股票/权益证券，主营业务需结合公司最新披露进一步核实。,199,3564270170,785,4820203176,2343,113885883589
2025-06-30,stock,top_total_holding_value,63,MORGAN STANLEY (MS),617446448,MS,公开股票/权益证券，主营业务需结合公司最新披露进一步核实。,236,3239314437,261,1509319094,1609,111675897658
2025-06-30,stock,top_total_holding_value,64,TJX COS INC NEW (TJX),872540109,TJX,公开股票/权益证券，主营业务需结合公司最新披露进一步核实。,183,2890887748,724,4457609647,1995,111158699321
2025-06-30,stock,top_total_holding_value,65,AMGEN INC (AMGN),031162100,AMGN,公开股票/权益证券，主营业务需结合公司最新披露进一步核实。,171,2559100410,2082,13929983193,2426,110769684320
2025-06-30,stock,top_total_holding_value,66,VERIZON COMMUNICATIONS INC (VZ),92343V104,VZ,公开股票/权益证券，主营业务需结合公司最新披露进一步核实。,187,3558820974,1917,7596088546,2567,108904308602
2025-06-30,stock,top_total_holding_value,67,GILEAD SCIENCES INC (GILD),375558103,GILD,公开股票/权益证券，主营业务需结合公司最新披露进一步核实。,187,3094545026,1059,7486683248,1682,106555800860
2025-06-30,stock,top_total_holding_value,68,CAPITAL ONE FINL CORP (COF),14040H105,COF,公开股票/权益证券，主营业务需结合公司最新披露进一步核实。,573,6091021618,155,1465143463,1642,106159507768
2025-06-30,stock,top_total_holding_value,69,BOEING CO (BA),097023105,BA,公开股票/权益证券，主营业务需结合公司最新披露进一步核实。,334,1063259528,316,2475315490,1969,103023833269
2025-06-30,stock,top_total_holding_value,70,GE VERNOVA INC (GEV),36828A101,GEV,公开股票/权益证券，主营业务需结合公司最新披露进一步核实。,527,3008771350,223,3327189434,1996,102991846259
2025-06-30,stock,top_total_holding_value,71,NVIDIA CORPORATION (NVDA),67066G104,NVDA,GPU、AI 加速器、网络和数据中心计算平台公司。,44,2454725394,94,5713934369,157,102520408274
2025-06-30,stock,top_total_holding_value,72,HONEYWELL INTL INC,438516106,,公开股票/权益证券，主营业务需结合公司最新披露进一步核实。,221,683850327,448,2786564855,2276,102261451093
2025-06-30,stock,top_total_holding_value,73,STRYKER CORPORATION (SYK),863667101,SYK,公开股票/权益证券，主营业务需结合公司最新披露进一步核实。,178,2726213757,357,1929724690,1881,101768405766
2025-06-30,stock,top_total_holding_value,74,T-MOBILE US INC (TMUS),872590104,TMUS,公开股票/权益证券，主营业务需结合公司最新披露进一步核实。,184,3134887495,1201,21410382337,1481,100284239434
2025-06-30,stock,top_total_holding_value,75,CITIGROUP INC (C),172967424,C,公开股票/权益证券，主营业务需结合公司最新披露进一步核实。,188,4147781468,282,6998695813,1537,100113830457
2025-06-30,stock,top_total_holding_value,76,UNION PAC CORP (UNP),907818108,UNP,公开股票/权益证券，主营业务需结合公司最新披露进一步核实。,187,2852983291,1742,7375852942,2251,99559071301
2025-06-30,stock,top_total_holding_value,77,APPLIED MATLS INC (AMAT),038222105,AMAT,公开股票/权益证券，主营业务需结合公司最新披露进一步核实。,316,4679075042,341,5621541487,1951,98865455943
2025-06-30,stock,top_total_holding_value,78,NEXTERA ENERGY INC (NEE),65339F101,NEE,公开股票/权益证券，主营业务需结合公司最新披露进一步核实。,187,3174576043,1526,5721500209,2255,98323081663
2025-06-30,stock,top_total_holding_value,79,MICRON TECHNOLOGY INC (MU),595112103,MU,存储芯片公司，产品包括 DRAM、NAND 和高带宽内存相关解决方案。,288,3455151639,327,2304477624,1571,97693938138
2025-06-30,stock,top_total_holding_value,80,DANAHER CORPORATION (DHR),235851102,DHR,公开股票/权益证券，主营业务需结合公司最新披露进一步核实。,167,3406198603,1317,7644439109,1819,97518166443
2025-06-30,stock,top_total_holding_value,81,VERTEX PHARMACEUTICALS INC COM (VRTX),92532F100,VRTX,公开股票/权益证券，主营业务需结合公司最新披露进一步核实。,123,2167914187,1106,10726260673,1306,96068151245
2025-06-30,stock,top_total_holding_value,82,MICROSOFT CORP COM - COMMON (MSFT),594918104,MSFT,企业软件、Azure 云、Office、Windows、GitHub 和 AI 平台公司。,4,22889350,3,2661898233,51,95008030425
2025-06-30,stock,top_total_holding_value,83,EATON CORP PLC,G29183103,,公开股票/权益证券，主营业务需结合公司最新披露进一步核实。,270,2618453619,252,1773230932,1759,94121624870
2025-06-30,stock,top_total_holding_value,84,COMCAST CORP NEW (CMCSA),20030N101,CMCSA,公开股票/权益证券，主营业务需结合公司最新披露进一步核实。,148,4053163616,1259,7446141127,1718,93951491675
2025-06-30,stock,top_total_holding_value,85,PALO ALTO NETWORKS INC (PANW),697435105,PANW,公开股票/权益证券，主营业务需结合公司最新披露进一步核实。,254,1993008793,319,2285826635,1997,93855926720
2025-06-30,stock,top_total_holding_value,86,AMPHENOL CORP NEW (APH),032095101,APH,公开股票/权益证券，主营业务需结合公司最新披露进一步核实。,278,4510837314,156,866099913,1215,92477685078
2025-06-30,stock,top_total_holding_value,87,AUTOMATIC DATA PROCESSING IN (ADP),053015103,ADP,公开股票/权益证券，主营业务需结合公司最新披露进一步核实。,178,1188202434,788,3162850637,2055,91407064051
2025-06-30,stock,top_total_holding_value,88,CHUBB LIMITED,H1467J104,,公开股票/权益证券，主营业务需结合公司最新披露进一步核实。,167,1909246567,1133,7387141139,1614,90634481123
2025-06-30,stock,top_total_holding_value,89,NVIDIA CORPORATION (NVDA),67066G104,NVDA,GPU、AI 加速器、网络和数据中心计算平台公司。,45,1672759331,75,2044098443,156,88613225206
2025-06-30,stock,top_total_holding_value,90,NVIDIA CORPORATION CO - COMMON (NVDA),67066G104,NVDA,GPU、AI 加速器、网络和数据中心计算平台公司。,7,36940018,5,1516208021,42,88490743069
2025-06-30,stock,top_total_holding_value,91,MERCADOLIBRE INC (MELI),58733R102,MELI,公开股票/权益证券，主营业务需结合公司最新披露进一步核实。,210,1895722278,193,1966423619,1289,88240806420
2025-06-30,stock,top_total_holding_value,92,KLA CORP (KLAC),482480100,KLAC,公开股票/权益证券，主营业务需结合公司最新披露进一步核实。,205,2821407539,208,2453138635,1232,88029435120
2025-06-30,stock,top_total_holding_value,93,SPOTIFY TECHNOLOGY S A,L8681T102,,公开股票/权益证券，主营业务需结合公司最新披露进一步核实。,231,2880820963,208,2116523805,1020,87277185614
2025-06-30,stock,top_total_holding_value,94,ANALOG DEVICES INC (ADI),032654105,ADI,公开股票/权益证券，主营业务需结合公司最新披露进一步核实。,192,3103559845,320,2612702561,1484,86971765887
2025-06-30,stock,top_total_holding_value,95,LILLY ELI & CO COM - COMMON (LLY),532457108,LLY,公开股票/权益证券，主营业务需结合公司最新披露进一步核实。,2,824743,31,6384748311,35,86889180516
2025-06-30,stock,top_total_holding_value,96,MARSH & MCLENNAN COS INC (MRSH),571748102,MRSH,公开股票/权益证券，主营业务需结合公司最新披露进一步核实。,137,2201968212,1133,12450479728,1342,86452554093
2025-06-30,stock,top_total_holding_value,97,DEERE & CO (DE),244199105,DE,公开股票/权益证券，主营业务需结合公司最新披露进一步核实。,216,2303012724,373,2961019577,2050,85172765236
2025-06-30,stock,top_total_holding_value,98,WELLTOWER INC (WELL),95040Q104,WELL,公开股票/权益证券，主营业务需结合公司最新披露进一步核实。,130,5719368505,374,2809881045,1017,84372109631
2025-06-30,stock,top_total_holding_value,99,INTERCONTINENTAL EXCHANGE IN (ICE),45866F104,ICE,公开股票/权益证券，主营业务需结合公司最新披露进一步核实。,141,2548823508,367,3146468851,1420,83931202195
2025-06-30,stock,top_total_holding_value,100,TESLA INC (TSLA),88160R101,TSLA,电动车、能源、自动驾驶和机器人公司。,37,2077177926,58,3190962162,122,83390774176
2025-06-30,stock,top_reduced_manager_count,1,APPLE INC (AAPL),037833100,AAPL,消费电子、操作系统、服务和芯片生态公司，核心产品包括 iPhone、Mac、iPad、可穿戴设备和服务。,249,49376609336,4118,173345946030,4860,1708486087846
2025-06-30,stock,top_reduced_manager_count,2,EXXON MOBIL CORP (XOM),30231G102,XOM,公开股票/权益证券，主营业务需结合公司最新披露进一步核实。,201,7257072224,3077,31147843892,3616,268906062077
2025-06-30,stock,top_reduced_manager_count,3,JOHNSON & JOHNSON (JNJ),478160104,JNJ,公开股票/权益证券，主营业务需结合公司最新披露进一步核实。,209,6753149290,2988,23034246288,3484,237752226393
2025-06-30,stock,top_reduced_manager_count,4,BERKSHIRE HATHAWAY INC DEL (BRK.B),084670702,BRK.B,多元化控股公司，业务覆盖保险、铁路、能源、制造和股票投资。,241,7874349220,2932,39086193018,3550,359486435920
2025-06-30,stock,top_reduced_manager_count,5,PROCTER AND GAMBLE CO (PG),742718109,PG,公开股票/权益证券，主营业务需结合公司最新披露进一步核实。,203,6537601915,2871,22890967966,3380,227120751106
2025-06-30,stock,top_reduced_manager_count,6,CHEVRON CORP NEW (CVX),166764100,CVX,公开股票/权益证券，主营业务需结合公司最新披露进一步核实。,191,3602449161,2861,34034014176,3159,172749065984
2025-06-30,stock,top_reduced_manager_count,7,ABBVIE INC (ABBV),00287Y109,ABBV,公开股票/权益证券，主营业务需结合公司最新披露进一步核实。,212,6107869738,2782,33747228379,3225,210147600450
2025-06-30,stock,top_reduced_manager_count,8,UNITEDHEALTH GROUP INC (UNH),91324P102,UNH,美国管理式医疗、医保服务和医疗数据/药房福利平台公司。,289,10573487349,2771,168797051349,2689,210982271591
2025-06-30,stock,top_reduced_manager_count,9,ELI LILLY & CO (LLY),532457108,LLY,公开股票/权益证券，主营业务需结合公司最新披露进一步核实。,239,12649834801,2503,82073897381,3346,481473881437
2025-06-30,stock,top_reduced_manager_count,10,PEPSICO INC (PEP),713448108,PEP,公开股票/权益证券，主营业务需结合公司最新披露进一步核实。,219,3548284073,2448,19539796760,2800,120599836216
2025-06-30,stock,top_reduced_manager_count,11,MERCK & CO INC (MRK),58933Y105,MRK,公开股票/权益证券，主营业务需结合公司最新披露进一步核实。,208,4519545850,2444,26635481312,2807,139078339262
2025-06-30,stock,top_reduced_manager_count,12,MCDONALDS CORP (MCD),580135101,MCD,公开股票/权益证券，主营业务需结合公司最新披露进一步核实。,208,4728110940,2440,15318164415,2901,129723028281
2025-06-30,stock,top_reduced_manager_count,13,AMGEN INC (AMGN),031162100,AMGN,公开股票/权益证券，主营业务需结合公司最新披露进一步核实。,171,2559100410,2082,13929983193,2426,110769684320
2025-06-30,stock,top_reduced_manager_count,14,COCA COLA CO (KO),191216100,KO,公开股票/权益证券，主营业务需结合公司最新披露进一步核实。,202,4628581249,1950,8321664300,2848,202931974971
2025-06-30,stock,top_reduced_manager_count,15,VERIZON COMMUNICATIONS INC (VZ),92343V104,VZ,公开股票/权益证券，主营业务需结合公司最新披露进一步核实。,187,3558820974,1917,7596088546,2567,108904308602
2025-06-30,stock,top_reduced_manager_count,16,BRISTOL-MYERS SQUIBB CO (BMY),110122108,BMY,公开股票/权益证券，主营业务需结合公司最新披露进一步核实。,162,2557177021,1865,22022658487,1910,65180694249
2025-06-30,stock,top_reduced_manager_count,17,THERMO FISHER SCIENTIFIC INC (TMO),883556102,TMO,公开股票/权益证券，主营业务需结合公司最新披露进一步核实。,196,4441897108,1837,31706924690,2050,117702940669
2025-06-30,stock,top_reduced_manager_count,18,PFIZER INC (PFE),717081103,PFE,公开股票/权益证券，主营业务需结合公司最新披露进一步核实。,156,2892616485,1782,9034879174,2357,82035493977
2025-06-30,stock,top_reduced_manager_count,19,LOWES COS INC (LOW),548661107,LOW,公开股票/权益证券，主营业务需结合公司最新披露进一步核实。,162,2290491394,1767,6154899833,2188,81243182128
2025-06-30,stock,top_reduced_manager_count,20,UNION PAC CORP (UNP),907818108,UNP,公开股票/权益证券，主营业务需结合公司最新披露进一步核实。,187,2852983291,1742,7375852942,2251,99559071301
2025-06-30,stock,top_reduced_manager_count,21,CONOCOPHILLIPS (COP),20825C104,COP,公开股票/权益证券，主营业务需结合公司最新披露进一步核实。,129,319384581,1721,16245924421,1901,79537809965
2025-06-30,stock,top_reduced_manager_count,22,STARBUCKS CORP,855244109,,公开股票/权益证券，主营业务需结合公司最新披露进一步核实。,171,1819255609,1593,7897548958,1951,79224047849
2025-06-30,stock,top_reduced_manager_count,23,NEXTERA ENERGY INC (NEE),65339F101,NEE,公开股票/权益证券，主营业务需结合公司最新披露进一步核实。,187,3174576043,1526,5721500209,2255,98323081663
2025-06-30,stock,top_reduced_manager_count,24,HOME DEPOT INC (HD),437076102,HD,公开股票/权益证券，主营业务需结合公司最新披露进一步核实。,240,6717043873,1516,9169485019,3417,234826746859
2025-06-30,stock,top_reduced_manager_count,25,FISERV INC,337738108,,公开股票/权益证券，主营业务需结合公司最新披露进一步核实。,180,2772585343,1408,24059078602,1528,72606208365
2025-06-30,stock,top_reduced_manager_count,26,DANAHER CORPORATION (DHR),235851102,DHR,公开股票/权益证券，主营业务需结合公司最新披露进一步核实。,167,3406198603,1317,7644439109,1819,97518166443
2025-06-30,stock,top_reduced_manager_count,27,ALTRIA GROUP INC (MO),02209S103,MO,公开股票/权益证券，主营业务需结合公司最新披露进一步核实。,158,459918846,1297,4945729558,1901,55388213616
2025-06-30,stock,top_reduced_manager_count,28,ACCENTURE PLC IRELAND - SHS CLASS A,G1151C101,,公开股票/权益证券，主营业务需结合公司最新披露进一步核实。,156,6432450094,1285,8729358665,1727,122554856442
2025-06-30,stock,top_reduced_manager_count,29,COMCAST CORP NEW (CMCSA),20030N101,CMCSA,公开股票/权益证券，主营业务需结合公司最新披露进一步核实。,148,4053163616,1259,7446141127,1718,93951491675
2025-06-30,stock,top_reduced_manager_count,30,COLGATE PALMOLIVE CO,194162103,,公开股票/权益证券，主营业务需结合公司最新披露进一步核实。,143,1754288013,1257,4997846401,1584,53143600562
2025-06-30,stock,top_reduced_manager_count,31,KIMBERLY-CLARK CORP,494368103,,公开股票/权益证券，主营业务需结合公司最新披露进一步核实。,128,787067427,1248,3548915998,1452,29991528015
2025-06-30,stock,top_reduced_manager_count,32,UNITED PARCEL SERVICE INC (UPS),911312106,UPS,公开股票/权益证券，主营业务需结合公司最新披露进一步核实。,161,1177323776,1226,6604933756,1562,42648812104
2025-06-30,stock,top_reduced_manager_count,33,WASTE MGMT INC DEL,94106L109,,公开股票/权益证券，主营业务需结合公司最新披露进一步核实。,168,2494003307,1208,3624805057,1856,66744731917
2025-06-30,stock,top_reduced_manager_count,34,INTEL CORP (INTC),458140100,INTC,半导体公司，业务覆盖 CPU、数据中心芯片、AI 加速器、网络芯片和晶圆代工。,167,2700918998,1204,2946091152,1682,57507871907
2025-06-30,stock,top_reduced_manager_count,35,T-MOBILE US INC (TMUS),872590104,TMUS,公开股票/权益证券，主营业务需结合公司最新披露进一步核实。,184,3134887495,1201,21410382337,1481,100284239434
2025-06-30,stock,top_reduced_manager_count,36,BECTON DICKINSON & CO,075887109,,公开股票/权益证券，主营业务需结合公司最新披露进一步核实。,164,1497049393,1185,14715569954,1259,36625362261
2025-06-30,stock,top_reduced_manager_count,37,DUKE ENERGY CORP NEW,26441C204,,公开股票/权益证券，主营业务需结合公司最新披露进一步核实。,148,323412412,1168,3158181938,1666,54537673897
2025-06-30,stock,top_reduced_manager_count,38,VISA INC - COM CL A (V),92826C839,V,公开股票/权益证券，主营业务需结合公司最新披露进一步核实。,251,10797876210,1166,13172089823,3320,437387054857
2025-06-30,stock,top_reduced_manager_count,39,ONEOK INC NEW,682680103,,公开股票/权益证券，主营业务需结合公司最新披露进一步核实。,144,772351430,1163,9028799313,1301,34094527773
2025-06-30,stock,top_reduced_manager_count,40,AIR PRODS & CHEMS INC,009158106,,公开股票/权益证券，主营业务需结合公司最新披露进一步核实。,126,2065404244,1155,4757054672,1438,53284082451
2025-06-30,stock,top_reduced_manager_count,41,PAYCHEX INC,704326107,,公开股票/权益证券，主营业务需结合公司最新披露进一步核实。,127,642019193,1152,3745308232,1389,37123769726
2025-06-30,stock,top_reduced_manager_count,42,PROGRESSIVE CORP (PGR),743315103,PGR,公开股票/权益证券，主营业务需结合公司最新披露进一步核实。,205,3514527274,1141,13575582200,1617,119662307284
2025-06-30,stock,top_reduced_manager_count,43,AFLAC INC,001055102,,公开股票/权益证券，主营业务需结合公司最新披露进一步核实。,134,725392700,1137,3149285252,1341,29982421878
2025-06-30,stock,top_reduced_manager_count,44,MARSH & MCLENNAN COS INC (MRSH),571748102,MRSH,公开股票/权益证券，主营业务需结合公司最新披露进一步核实。,137,2201968212,1133,12450479728,1342,86452554093
2025-06-30,stock,top_reduced_manager_count,45,CHUBB LIMITED,H1467J104,,公开股票/权益证券，主营业务需结合公司最新披露进一步核实。,167,1909246567,1133,7387141139,1614,90634481123
2025-06-30,stock,top_reduced_manager_count,46,ELEVANCE HEALTH INC,036752103,,公开股票/权益证券，主营业务需结合公司最新披露进一步核实。,140,2328843699,1129,10770377851,1332,70769581791
2025-06-30,stock,top_reduced_manager_count,47,FEDEX CORP (FDX),31428X106,FDX,公开股票/权益证券，主营业务需结合公司最新披露进一步核实。,157,1100065118,1129,4730311977,1399,38593080069
2025-06-30,stock,top_reduced_manager_count,48,PHILLIPS 66 (PSX),718546104,PSX,公开股票/权益证券，主营业务需结合公司最新披露进一步核实。,146,901781619,1124,2744152754,1460,33700593027
2025-06-30,stock,top_reduced_manager_count,49,MEDTRONIC PLC,G5960L103,,公开股票/权益证券，主营业务需结合公司最新披露进一步核实。,138,2080163447,1118,6746850674,1574,78638880984
2025-06-30,stock,top_reduced_manager_count,50,TARGET CORP (TGT),87612E106,TGT,公开股票/权益证券，主营业务需结合公司最新披露进一步核实。,152,952234187,1115,4505605339,1433,34507410749
2025-06-30,stock,top_reduced_manager_count,51,VERTEX PHARMACEUTICALS INC COM (VRTX),92532F100,VRTX,公开股票/权益证券，主营业务需结合公司最新披露进一步核实。,123,2167914187,1106,10726260673,1306,96068151245
2025-06-30,stock,top_reduced_manager_count,52,ADOBE INC (ADBE),00724F101,ADBE,公开股票/权益证券，主营业务需结合公司最新披露进一步核实。,224,3672700094,1096,8090055010,2275,120883277543
2025-06-30,stock,top_reduced_manager_count,53,GENERAL MLS INC,370334104,,公开股票/权益证券，主营业务需结合公司最新披露进一步核实。,115,650124943,1088,4435150978,1193,21195132425
2025-06-30,stock,top_reduced_manager_count,54,GILEAD SCIENCES INC (GILD),375558103,GILD,公开股票/权益证券，主营业务需结合公司最新披露进一步核实。,187,3094545026,1059,7486683248,1682,106555800860
2025-06-30,stock,top_reduced_manager_count,55,SOUTHERN CO,842587107,,公开股票/权益证券，主营业务需结合公司最新披露进一步核实。,136,2285291789,1059,2105559656,1839,59002037762
2025-06-30,stock,top_reduced_manager_count,56,SHOPIFY INC (SHOP),82509L107,SHOP,公开股票/权益证券，主营业务需结合公司最新披露进一步核实。,21,9845269,1046,60230391983,118,5620819650
2025-06-30,stock,top_reduced_manager_count,57,ENTERPRISE PRODS PARTNERS L,293792107,,公开股票/权益证券，主营业务需结合公司最新披露进一步核实。,93,242080990,1040,2339337679,1184,14108987042
2025-06-30,stock,top_reduced_manager_count,58,AMERICAN ELEC PWR CO INC,025537101,,公开股票/权益证券，主营业务需结合公司最新披露进一步核实。,127,134409719,1035,4496386960,1349,40858361517
2025-06-30,stock,top_reduced_manager_count,59,NORTHROP GRUMMAN CORP (NOC),666807102,NOC,公开股票/权益证券，主营业务需结合公司最新披露进一步核实。,121,741197709,1019,4211371756,1347,54461314577
2025-06-30,stock,top_reduced_manager_count,60,EOG RES INC (EOG),26875P101,EOG,公开股票/权益证券，主营业务需结合公司最新披露进一步核实。,135,247493413,997,5401147066,1271,53316922678
2025-06-30,stock,top_reduced_manager_count,61,ILLINOIS TOOL WKS INC,452308109,,公开股票/权益证券，主营业务需结合公司最新披露进一步核实。,140,1056386901,997,1461115019,1528,55872369078
2025-06-30,stock,top_reduced_manager_count,62,BERKSHIRE HATHAWAY INC DEL (BRK.B),084670108,BRK.B,多元化控股公司，业务覆盖保险、铁路、能源、制造和股票投资。,64,7632324636,991,9852998555,1068,67386632935
2025-06-30,stock,top_reduced_manager_count,63,OREILLY AUTOMOTIVE INC,67103H107,,公开股票/权益证券，主营业务需结合公司最新披露进一步核实。,167,1524254960,976,6927763209,1340,57535397990
2025-06-30,stock,top_reduced_manager_count,64,ZOETIS INC,98978V103,,公开股票/权益证券，主营业务需结合公司最新披露进一步核实。,149,1762511898,972,6372016737,1366,55877979376
2025-06-30,stock,top_reduced_manager_count,65,ALLSTATE CORP,020002101,,公开股票/权益证券，主营业务需结合公司最新披露进一步核实。,139,875654772,970,3390995345,1313,36524365531
2025-06-30,stock,top_reduced_manager_count,66,DOW INC (DOW),260557103,DOW,公开股票/权益证券，主营业务需结合公司最新披露进一步核实。,106,314106814,968,3971098585,995,11792961584
2025-06-30,stock,top_reduced_manager_count,67,DISCOVER FINL SVCS,254709108,,公开股票/权益证券，主营业务需结合公司最新披露进一步核实。,1,32092,956,32171089587,6,5267602
2025-06-30,stock,top_reduced_manager_count,68,SALESFORCE INC (CRM),79466L302,CRM,公开股票/权益证券，主营业务需结合公司最新披露进一步核实。,245,5284561037,950,15655679513,2514,184453738804
2025-06-30,stock,top_reduced_manager_count,69,SHERWIN WILLIAMS CO,824348106,,公开股票/权益证券，主营业务需结合公司最新披露进一步核实。,130,1708570544,938,3400312177,1377,60276685168
2025-06-30,stock,top_reduced_manager_count,70,SCHLUMBERGER LTD - COM STK,806857108,,公开股票/权益证券，主营业务需结合公司最新披露进一步核实。,122,933369568,933,9915074452,1045,31625722512
2025-06-30,stock,top_reduced_manager_count,71,PROLOGIS INC. (PLD),74340W103,PLD,公开股票/权益证券，主营业务需结合公司最新披露进一步核实。,142,2201846350,921,7253720541,1220,79452137946
2025-06-30,stock,top_reduced_manager_count,72,MONDELEZ INTL INC,609207105,,公开股票/权益证券，主营业务需结合公司最新披露进一步核实。,132,1823415122,918,2442975480,1437,59207502644
2025-06-30,stock,top_reduced_manager_count,73,DUPONT DE NEMOURS INC,26614N102,,公开股票/权益证券，主营业务需结合公司最新披露进一步核实。,106,506359754,913,2844051397,1090,18903963961
2025-06-30,stock,top_reduced_manager_count,74,REGENERON PHARMACEUTICALS,75886F107,,公开股票/权益证券，主营业务需结合公司最新披露进一步核实。,132,1342069681,883,11441399620,1009,39882666817
2025-06-30,stock,top_reduced_manager_count,75,YUM BRANDS INC,988498101,,公开股票/权益证券，主营业务需结合公司最新披露进一步核实。,119,1081758641,881,3052018764,1103,28102736691
2025-06-30,stock,top_reduced_manager_count,76,ALIBABA GROUP HLDG LTD - SPONSORED ADS (BABA),01609W102,BABA,中国电商、云计算、本地生活和数字媒体公司，拥有阿里云和通义大模型生态。,117,1647444547,876,14364066244,965,23499050626
2025-06-30,stock,top_reduced_manager_count,77,GALLAGHER ARTHUR J & CO,363576109,,公开股票/权益证券，主营业务需结合公司最新披露进一步核实。,142,2117739777,876,7355868417,1156,62798459919
2025-06-30,stock,top_reduced_manager_count,78,CONSOLIDATED EDISON INC,209115104,,公开股票/权益证券，主营业务需结合公司最新披露进一步核实。,135,785392234,866,3539194357,1073,23153169956
2025-06-30,stock,top_reduced_manager_count,79,AT&T INC (T),00206R102,T,公开股票/权益证券，主营业务需结合公司最新披露进一步核实。,216,3061143001,843,11989719758,2436,122022839446
2025-06-30,stock,top_reduced_manager_count,80,CLOROX CO DEL,189054109,,公开股票/权益证券，主营业务需结合公司最新披露进一步核实。,104,402589488,837,3069757732,931,11965220461
2025-06-30,stock,top_reduced_manager_count,81,COPART INC,217204106,,公开股票/权益证券，主营业务需结合公司最新披露进一步核实。,126,971677491,817,6878867597,999,35382375531
2025-06-30,stock,top_reduced_manager_count,82,PRUDENTIAL FINL INC,744320102,,公开股票/权益证券，主营业务需结合公司最新披露进一步核实。,117,321825514,814,1683116634,1078,20475020640
2025-06-30,stock,top_reduced_manager_count,83,NOVO-NORDISK A S,670100205,,公开股票/权益证券，主营业务需结合公司最新披露进一步核实。,138,353370071,810,3513575269,1246,17338762940
2025-06-30,stock,top_reduced_manager_count,84,KRAFT HEINZ CO,500754106,,公开股票/权益证券，主营业务需结合公司最新披露进一步核实。,115,387944231,799,4614510152,916,23647512831
2025-06-30,stock,top_reduced_manager_count,85,ROPER TECHNOLOGIES INC,776696106,,公开股票/权益证券，主营业务需结合公司最新披露进一步核实。,123,1740041239,796,2609583887,1105,45915747415
2025-06-30,stock,top_reduced_manager_count,86,GE HEALTHCARE TECHNOLOGIES I,36266G107,,公开股票/权益证券，主营业务需结合公司最新披露进一步核实。,116,1374381907,792,5410982046,983,25082010682
2025-06-30,stock,top_reduced_manager_count,87,DEVON ENERGY CORP NEW,25179M103,,公开股票/权益证券，主营业务需结合公司最新披露进一步核实。,120,155397701,790,3271097072,917,14162197867
2025-06-30,stock,top_reduced_manager_count,88,AUTOMATIC DATA PROCESSING IN (ADP),053015103,ADP,公开股票/权益证券，主营业务需结合公司最新披露进一步核实。,178,1188202434,788,3162850637,2055,91407064051
2025-06-30,stock,top_reduced_manager_count,89,OCCIDENTAL PETE CORP (OXY),674599105,OXY,油气勘探生产和低碳业务公司，拥有美国及国际油气资产。,120,124381554,786,5369125760,936,30320949076
2025-06-30,stock,top_reduced_manager_count,90,QUALCOMM INC (QCOM),747525103,QCOM,公开股票/权益证券，主营业务需结合公司最新披露进一步核实。,199,3564270170,785,4820203176,2343,113885883589
2025-06-30,stock,top_reduced_manager_count,91,HERSHEY CO,427866108,,公开股票/权益证券，主营业务需结合公司最新披露进一步核实。,116,779647895,785,1155456889,1079,19320486420
2025-06-30,stock,top_reduced_manager_count,92,SHELL PLC - SPON ADS,780259305,,公开股票/权益证券，主营业务需结合公司最新披露进一步核实。,93,154847006,784,2380429684,1001,21786798543
2025-06-30,stock,top_reduced_manager_count,93,WEC ENERGY GROUP INC,92939U106,,公开股票/权益证券，主营业务需结合公司最新披露进一步核实。,109,137561218,777,1548175953,1030,24748683498
2025-06-30,stock,top_reduced_manager_count,94,CHURCH & DWIGHT CO INC,171340102,,公开股票/权益证券，主营业务需结合公司最新披露进一步核实。,88,581432776,773,3031002796,869,18679848180
2025-06-30,stock,top_reduced_manager_count,95,AON PLC - SHS CL A,G0403H108,,公开股票/权益证券，主营业务需结合公司最新披露进一步核实。,100,1525187731,770,8947482353,900,59193352473
2025-06-30,stock,top_reduced_manager_count,96,LULULEMON ATHLETICA INC,550021109,,公开股票/权益证券，主营业务需结合公司最新披露进一步核实。,136,672223460,764,6674467027,869,20885545239
2025-06-30,stock,top_reduced_manager_count,97,OTIS WORLDWIDE CORP,68902V107,,公开股票/权益证券，主营业务需结合公司最新披露进一步核实。,127,1195829741,764,2127071673,1030,30361200314
2025-06-30,stock,top_reduced_manager_count,98,ABBOTT LABS (ABT),002824100,ABT,公开股票/权益证券，主营业务需结合公司最新披露进一步核实。,199,4023059468,752,6069408389,2677,165309506725
2025-06-30,stock,top_reduced_manager_count,99,HP INC,40434L105,,公开股票/权益证券，主营业务需结合公司最新披露进一步核实。,109,394244526,752,2717847527,902,16463075782
2025-06-30,stock,top_reduced_manager_count,100,COSTCO WHSL CORP NEW (COST),22160K105,COST,公开股票/权益证券，主营业务需结合公司最新披露进一步核实。,248,7694023281,749,6247328367,3437,273469177937
